"industry","country","layoff_year","layoff_quarter","total_layoffs","avg_percentage_laid_off","affected_companies","total_funds_raised","industry_yearly_layoffs","industry_rank","country_yearly_layoffs","country_rank","avg_layoffs_per_company","funds_raised_per_layoff"
Consumer,United States,2023,1,29646,0.131905,20,60496.00,31326,2,176218,1,1482.3000,2.040613
Other,United States,2023,1,28514,0.125714,28,13204.00,57024,1,176218,1,1018.3571,0.463071
Retail,United States,2023,1,24434,0.113500,20,16980.00,27218,3,176218,1,1221.7000,0.694933
Hardware,United States,2023,1,24386,0.151250,8,1070.00,26446,4,176218,1,3048.2500,0.043878
Sales,United States,2023,1,18542,0.077500,8,8316.00,18622,6,176218,1,2317.7500,0.448495
Other,Sweden,2023,1,17000,0.080000,1,1326.00,57024,1,18200,2,17000.0000,0.078000
Healthcare,Netherlands,2023,1,12000,0.130000,1,0.00,19540,5,15000,3,12000.0000,0.000000
Finance,United States,2023,1,11364,0.125926,27,30048.00,14072,7,176218,1,420.8889,2.644139
Healthcare,United States,2023,1,7078,0.195122,40,30386.00,19540,5,176218,1,176.9500,4.293021
Other,Germany,2023,1,6000,0.030000,1,2600.00,57024,1,8352,5,6000.0000,0.433333
Data,United States,2023,1,4316,0.110909,11,8678.00,4926,11,176218,1,392.3636,2.010658
Education,India,2023,1,3480,0.333333,6,12674.00,3964,14,9514,4,580.0000,3.641954
Security,United States,2023,1,3424,0.080769,13,6246.00,3924,15,176218,1,263.3846,1.824182
Travel,United States,2023,1,3078,0.107500,4,16504.00,3078,17,176218,1,769.5000,5.361923
Marketing,United States,2023,1,3024,0.165333,15,8318.00,7364,8,176218,1,201.6000,2.750661
Support,United States,2023,1,3012,0.043636,11,5818.00,3526,16,176218,1,273.8182,1.931607
Marketing,Netherlands,2023,1,3000,0.150000,1,0.00,7364,8,15000,3,3000.0000,0.000000
Other,United States.,2023,1,3000,0.085000,2,3628.00,57024,1,3150,8,1500.0000,1.209333
Crypto,United States,2023,1,2788,0.205000,18,8934.00,4678,12,176218,1,154.8889,3.204448
Transportation,United States,2023,1,2708,0.261667,12,45198.00,7330,9,176218,1,225.6667,16.690547
Transportation,United Kingdom,2023,1,2012,0.500000,3,10058.00,7330,9,4342,6,670.6667,4.999006
HR,United States,2023,1,1886,0.060667,14,7430.00,2366,19,176218,1,134.7143,3.939555
Food,United States,2023,1,1858,0.232857,7,10054.00,5410,10,176218,1,265.4286,5.411195
Hardware,China,2023,1,1800,0.000000,1,0.00,26446,4,2950,9,1800.0000,0.000000
Finance,Brazil,2023,1,1762,0.140000,8,6404.00,14072,7,4322,7,220.2500,3.634506
Media,United States,2023,1,1658,0.094000,10,3488.00,4244,13,176218,1,165.8000,2.103739
Logistics,United States,2023,1,1580,0.057500,4,12400.00,2470,18,176218,1,395.0000,7.848101
Food,India,2023,1,1230,0.084286,7,9896.00,5410,10,9514,4,175.7143,8.045528
Media,Sweden,2023,1,1200,0.060000,1,4200.00,4244,13,18200,2,1200.0000,3.500000
Real Estate,United States,2023,1,1188,0.135714,7,48290.00,2068,20,176218,1,169.7143,40.648148
Consumer,India,2023,1,1080,0.100000,2,22200.00,31326,2,9514,4,540.0000,20.555556
Other,Australia,2023,1,1016,0.165000,2,440.00,57024,1,2020,11,508.0000,0.433071
Other,India,2023,1,1000,0.150000,2,2758.00,57024,1,9514,4,500.0000,2.758000
Transportation,Germany,2023,1,906,0.023333,3,1544.00,7330,9,8352,5,302.0000,1.704194
Crypto,United Kingdom,2023,1,880,0.315000,2,1006.00,4678,12,4342,6,440.0000,1.143182
Retail,Canada,2023,1,876,0.085000,2,2400.00,27218,3,2254,10,438.0000,2.739726
Food,Brazil,2023,1,810,0.030000,2,4200.00,5410,10,4322,7,405.0000,5.185185
Retail,Nigeria,2023,1,800,0.000000,1,32.00,27218,3,942,13,800.0000,0.040000
Marketing,Israel,2023,1,740,0.060000,1,116.00,7364,8,1360,12,740.0000,0.156757
Transportation,Indonesia,2023,1,720,0.110000,1,276.00,7330,9,720,15,720.0000,0.383333
Food,United Kingdom,2023,1,700,0.045000,2,7000.00,5410,10,4342,6,350.0000,10.000000
Real Estate,Brazil,2023,1,680,0.150000,1,1576.00,2068,20,4322,7,680.0000,2.317647
Infrastructure,United States,2023,1,664,0.052000,5,2882.00,664,21,176218,1,132.8000,4.340361
Consumer,China,2023,1,600,0.050000,2,44000.00,31326,2,2950,9,300.0000,73.333333
Logistics,Brazil,2023,1,600,0.070000,1,1014.00,2470,18,4322,7,600.0000,1.690000
Crypto,China,2023,1,550,0.200000,1,4.00,4678,12,2950,9,550.0000,0.007273
Support,India,2023,1,514,0.075000,2,230.00,3526,16,9514,4,257.0000,0.447471
Food,Spain,2023,1,500,0.060000,1,2400.00,5410,10,500,16,500.0000,4.800000
Media,United Kingdom,2023,1,500,0.110000,2,320.00,4244,13,4342,6,250.0000,0.640000
Transportation,India,2023,1,480,0.250000,3,10536.00,7330,9,9514,4,160.0000,21.950000
Legal,United States,2023,1,432,0.067500,4,2050.00,432,22,176218,1,108.0000,4.745370
Media,France,2023,1,416,0.000000,1,44.00,4244,13,816,14,416.0000,0.105769
Finance,Australia,2023,1,406,0.275000,4,1018.00,14072,7,2020,11,101.5000,2.507389
Data,Germany,2023,1,400,0.040000,1,688.00,4926,11,8352,5,400.0000,1.720000
Healthcare,India,2023,1,400,0.350000,2,464.00,19540,5,9514,4,200.0000,1.160000
HR,France,2023,1,400,0.200000,1,990.00,2366,19,816,14,400.0000,2.475000
Retail,Australia,2023,1,398,0.070000,5,376.00,27218,3,2020,11,79.6000,0.944724
Crypto,India,2023,1,360,0.400000,3,1390.00,4678,12,9514,4,120.0000,3.861111
Food,Germany,2023,1,312,0.040000,1,19800.00,5410,10,8352,5,312.0000,63.461538
Marketing,Germany,2023,1,300,0.320000,1,884.00,7364,8,8352,5,300.0000,2.946667
Transportation,Canada,2023,1,300,0.000000,1,506.00,7330,9,2254,10,300.0000,1.686667
Education,United States,2023,1,278,0.025000,4,4646.00,3964,14,176218,1,69.5000,16.712230
Other,Canada,2023,1,274,0.140000,1,138.00,57024,1,2254,10,274.0000,0.503650
Hardware,Israel,2023,1,260,0.165000,2,8500.00,26446,4,1360,12,130.0000,32.692308
Product,United States,2023,1,260,0.066000,5,2208.00,302,23,176218,1,52.0000,8.492308
Retail,Brazil,2023,1,250,0.033333,3,1122.00,27218,3,4322,7,83.3333,4.488000
Retail,India,2023,1,250,0.070000,3,26704.00,27218,3,9514,4,83.3333,106.816000
Security,United Kingdom,2023,1,250,0.070000,1,0.00,3924,15,4342,6,250.0000,0.000000
Other,Brazil,2023,1,220,0.100000,1,672.00,57024,1,4322,7,220.0000,3.054545
Construction,Colombia,2023,1,200,0.000000,1,436.00,200,24,200,17,200.0000,2.180000
Finance,Germany,2023,1,200,0.000000,1,2600.00,14072,7,8352,5,200.0000,13.000000
Finance,India,2023,1,200,0.000000,1,82.00,14072,7,9514,4,200.0000,0.410000
Marketing,Canada,2023,1,200,0.146667,3,642.00,7364,8,2254,10,66.6667,3.210000
Real Estate,Australia,2023,1,200,0.000000,1,118.00,2068,20,2020,11,200.0000,0.590000
Logistics,India,2023,1,180,0.000000,1,300.00,2470,18,9514,4,180.0000,1.666667
Media,Japan,2023,1,170,0.000000,1,52.00,4244,13,170,18,170.0000,0.305882
Education,Canada,2023,1,152,0.190000,1,44.00,3964,14,2254,10,152.0000,0.289474
Data,United States.,2023,1,150,0.020000,1,6000.00,4926,11,3150,8,150.0000,40.000000
Transportation,Nigeria,2023,1,142,0.000000,2,24.00,7330,9,942,13,71.0000,0.169014
Security,Estonia,2023,1,132,0.120000,1,384.00,3924,15,132,20,132.0000,2.909091
Retail,Germany,2023,1,130,0.065000,2,1344.00,27218,3,8352,5,65.0000,10.338462
Media,Canada,2023,1,120,0.220000,1,0.00,4244,13,2254,10,120.0000,0.000000
Security,Israel,2023,1,118,0.045000,2,962.00,3924,15,1360,12,59.0000,8.152542
Logistics,Canada,2023,1,110,0.050000,1,356.00,2470,18,2254,10,110.0000,3.236364
Finance,Canada,2023,1,100,0.220000,2,1952.00,14072,7,2254,10,50.0000,19.520000
Marketing,India,2023,1,100,0.000000,1,640.00,7364,8,9514,4,100.0000,6.400000
Media,India,2023,1,100,0.250000,1,38.00,4244,13,9514,4,100.0000,0.380000
HR,India,2023,1,80,0.200000,1,0.00,2366,19,9514,4,80.0000,0.000000
Media,Israel,2023,1,80,0.200000,1,222.00,4244,13,1360,12,80.0000,2.775000
Retail,Singapore,2023,1,80,0.065000,2,944.00,27218,3,138,19,40.0000,11.800000
Sales,Canada,2023,1,80,0.200000,1,72.00,18622,6,2254,10,80.0000,0.900000
Healthcare,Germany,2023,1,62,0.310000,1,94.00,19540,5,8352,5,62.0000,1.516129
Transportation,Israel,2023,1,62,0.110000,1,634.00,7330,9,1360,12,62.0000,10.225806
Data,Israel,2023,1,60,0.250000,1,232.00,4926,11,1360,12,60.0000,3.866667
Fitness,India,2023,1,60,0.110000,1,26.00,120,25,9514,4,60.0000,0.433333
Fitness,United States,2023,1,60,0.013333,3,2660.00,120,25,176218,1,20.0000,44.333333
Crypto,Singapore,2023,1,58,0.100000,1,200.00,4678,12,138,19,58.0000,3.448276
Education,Ireland,2023,1,54,0.090000,1,112.00,3964,14,54,21,54.0000,2.074074
Crypto,Canada,2023,1,42,0.250000,1,90.00,4678,12,2254,10,42.0000,2.142857
Product,Germany,2023,1,42,0.280000,1,82.00,302,23,8352,5,42.0000,1.952381
Finance,Israel,2023,1,40,0.083333,3,96.00,14072,7,1360,12,13.3333,2.400000
Manufacturing,United States,2023,1,40,0.025000,2,548.00,40,26,176218,1,20.0000,13.700000
Construction,Australia,2023,1,0,0.200000,1,30.00,200,24,2020,11,0.0000,
Construction,United States,2023,1,0,0.000000,1,902.00,200,24,176218,1,0.0000,
Consumer,South Korea,2023,1,0,0.200000,1,480.00,31326,2,0,22,0.0000,
Crypto,Australia,2023,1,0,0.110000,1,558.00,4678,12,2020,11,0.0000,
Data,Canada,2023,1,0,0.080000,1,2200.00,4926,11,2254,10,0.0000,
Data,Finland,2023,1,0,0.080000,1,490.00,4926,11,0,23,0.0000,
Energy,Spain,2023,1,0,0.150000,1,334.00,0,27,500,16,0.0000,
Finance,Netherlands,2023,1,0,0.000000,1,230.00,14072,7,15000,3,0.0000,
Finance,Portugal,2023,1,0,0.000000,1,546.00,14072,7,0,24,0.0000,
Finance,United Kingdom,2023,1,0,0.540000,2,586.00,14072,7,4342,6,0.0000,
Food,Argentina,2023,1,0,0.000000,1,4600.00,5410,10,0,25,0.0000,
Food,Australia,2023,1,0,0.200000,1,172.00,5410,10,2020,11,0.0000,
Food,Singapore,2023,1,0,0.000000,1,1498.00,5410,10,138,19,0.0000,
Food,South Korea,2023,1,0,0.000000,1,428.00,5410,10,0,22,0.0000,
Healthcare,Chile,2023,1,0,0.300000,1,408.00,19540,5,0,26,0.0000,
HR,Germany,2023,1,0,0.100000,1,664.00,2366,19,8352,5,0.0000,
HR,United Kingdom,2023,1,0,0.090000,1,46.00,2366,19,4342,6,0.0000,
Infrastructure,Australia,2023,1,0,0.000000,1,196.00,664,21,2020,11,0.0000,
Infrastructure,Finland,2023,1,0,0.200000,1,840.00,664,21,0,23,0.0000,
Marketing,France,2023,1,0,0.000000,1,122.00,7364,8,816,14,0.0000,
NULL,United States,2023,1,0,0.150000,1,1892.00,0,28,176218,1,0.0000,
Other,Netherlands,2023,1,0,0.300000,1,0.00,57024,1,15000,3,0.0000,
Real Estate,Italy,2023,1,0,0.300000,1,1416.00,2068,20,0,27,0.0000,
Security,Finland,2023,1,0,0.000000,1,86.00,3924,15,0,23,0.0000,
Support,Canada,2023,1,0,0.000000,1,380.00,3526,16,2254,10,0.0000,
Transportation,Australia,2023,1,0,0.750000,1,126.00,7330,9,2020,11,0.0000,
Consumer,United States,2022,4,31070,0.292727,11,102078.00,39712,2,212820,1,2824.5455,3.285420
Retail,United States,2022,4,21200,0.090000,11,12948.00,41828,1,212820,1,1927.2727,0.610755
Infrastructure,United States,2022,4,8582,0.288000,5,1314.00,9832,12,212820,1,1716.4000,0.153111
Finance,United States,2022,4,8194,0.212821,38,33926.00,25368,5,212820,1,215.6316,4.140347
Healthcare,Netherlands,2022,4,8000,0.050000,1,0.00,30116,4,10240,3,8000.0000,0.000000
Transportation,United States,2022,4,7442,0.126364,10,36560.00,30454,3,212820,1,744.2000,4.912658
Education,India,2022,4,6820,0.278571,7,13558.00,17456,8,28448,2,974.2857,1.987977
Real Estate,United States,2022,4,6410,0.166800,25,16978.00,19864,7,212820,1,256.4000,2.648674
Food,United States,2022,4,6206,0.167692,13,21508.00,22576,6,212820,1,477.3846,3.465678
Healthcare,United States,2022,4,5336,0.228000,29,22830.00,30116,4,212820,1,184.0000,4.278486
Crypto,Singapore,2022,4,4000,0.300000,2,312.00,16526,9,7088,7,2000.0000,0.078000
Crypto,United States,2022,4,3302,0.245882,17,8412.00,16526,9,212820,1,194.2353,2.547547
Sales,United States,2022,4,3082,0.054000,9,2040.00,5202,15,212820,1,342.4444,0.661908
Transportation,Indonesia,2022,4,2600,0.120000,1,2600.00,30454,3,4562,11,2600.0000,1.000000
Fitness,United States,2022,4,2400,0.122000,5,5326.00,11092,11,212820,1,480.0000,2.219167
Other,United States,2022,4,2152,0.131765,17,7004.00,12592,10,212820,1,126.5882,3.254647
Marketing,United States,2022,4,1964,0.097500,16,5722.00,7194,14,212820,1,122.7500,2.913442
Retail,Nigeria,2022,4,1800,0.200000,1,2400.00,41828,1,2040,14,1800.0000,1.333333
Security,United States,2022,4,1796,0.108571,14,8280.00,7398,13,212820,1,128.2857,4.610245
Other,Germany,2022,4,1550,0.452000,5,1628.00,12592,10,7214,6,310.0000,1.050323
Support,United States,2022,4,1528,0.068333,6,3018.00,2872,19,212820,1,254.6667,1.975131
Education,United States,2022,4,1274,0.144444,9,2812.00,17456,8,212820,1,141.5556,2.207221
Hardware,United States,2022,4,1210,0.000000,5,4890.00,1210,24,212820,1,242.0000,4.041322
Consumer,Israel,2022,4,1200,0.150000,1,0.00,39712,2,5468,8,1200.0000,0.000000
Travel,India,2022,4,1200,0.000000,1,8000.00,3274,17,28448,2,1200.0000,6.666667
Media,United States,2022,4,1008,0.260000,9,2862.00,3758,16,212820,1,112.0000,2.839286
Retail,Indonesia,2022,4,988,0.203333,3,10664.00,41828,1,4562,11,329.3333,10.793522
Product,United States,2022,4,850,0.284286,7,4668.00,1722,21,212820,1,121.4286,5.491765
Data,United States,2022,4,782,0.126667,6,5068.00,2628,20,212820,1,130.3333,6.480818
Retail,India,2022,4,746,0.000000,2,3034.00,41828,1,28448,2,373.0000,4.067024
Travel,United States,2022,4,740,0.110000,2,1372.00,3274,17,212820,1,370.0000,1.854054
Food,India,2022,4,700,0.035000,2,9028.00,22576,6,28448,2,350.0000,12.897143
Real Estate,Brazil,2022,4,624,0.120000,1,1576.00,19864,7,9778,4,624.0000,2.525641
Consumer,Brazil,2022,4,620,0.100000,2,520.00,39712,2,9778,4,310.0000,0.838710
Healthcare,Sweden,2022,4,600,0.100000,1,1136.00,30116,4,4128,12,600.0000,1.893333
Marketing,Brazil,2022,4,454,0.120000,1,254.00,7194,14,9778,4,454.0000,0.559471
Construction,Canada,2022,4,446,0.280000,2,398.00,866,25,7872,5,223.0000,0.892377
Security,Israel,2022,4,440,0.076667,3,514.00,7398,13,5468,8,146.6667,1.168182
Food,Kenya,2022,4,422,0.210000,1,314.00,22576,6,698,19,422.0000,0.744076
Legal,United States,2022,4,420,0.033333,3,1128.00,700,27,212820,1,140.0000,2.685714
Marketing,Ireland,2022,4,418,0.245000,2,1848.00,7194,14,418,23,209.0000,4.421053
Recruiting,India,2022,4,400,0.400000,1,0.00,760,26,28448,2,400.0000,0.000000
HR,Singapore,2022,4,396,0.180000,1,164.00,1476,22,7088,7,396.0000,0.414141
Finance,Brazil,2022,4,380,0.120000,1,560.00,25368,5,9778,4,380.0000,1.473684
Retail,Singapore,2022,4,380,0.090000,2,2744.00,41828,1,7088,7,190.0000,7.221053
Finance,Germany,2022,4,346,0.243333,3,494.00,25368,5,7214,6,115.3333,1.427746
Transportation,Brazil,2022,4,320,0.150000,2,3476.00,30454,3,9778,4,160.0000,10.862500
Finance,Netherlands,2022,4,300,0.150000,2,44.00,25368,5,10240,3,150.0000,0.146667
Fitness,India,2022,4,300,0.000000,1,200.00,11092,11,28448,2,300.0000,0.666667
Media,India,2022,4,300,0.525000,2,3400.00,3758,16,28448,2,150.0000,11.333333
Other,Sweden,2022,4,300,0.000000,1,3000.00,12592,10,4128,12,300.0000,10.000000
Recruiting,United States,2022,4,300,0.290000,2,354.00,760,26,212820,1,150.0000,1.180000
Transportation,Germany,2022,4,300,0.260000,2,126.00,30454,3,7214,6,150.0000,0.420000
Sales,Estonia,2022,4,286,0.150000,1,180.00,5202,15,286,26,286.0000,0.629371
Food,Norway,2022,4,280,0.120000,1,1912.00,22576,6,280,27,280.0000,6.828571
Finance,Indonesia,2022,4,274,0.070000,3,1918.00,25368,5,4562,11,91.3333,7.000000
Transportation,United Kingdom,2022,4,254,0.066667,3,1640.00,30454,3,4698,10,84.6667,6.456693
Food,Australia,2022,4,240,0.500000,4,3430.00,22576,6,2376,13,60.0000,14.291667
Logistics,United States,2022,4,240,0.095000,4,4094.00,2946,18,212820,1,60.0000,17.058333
Healthcare,Brazil,2022,4,226,0.160000,1,348.00,30116,4,9778,4,226.0000,1.539823
Real Estate,United States.,2022,4,220,0.000000,1,694.00,19864,7,220,28,220.0000,3.154545
Consumer,India,2022,4,200,0.000000,1,3400.00,39712,2,28448,2,200.0000,17.000000
Crypto,Argentina,2022,4,200,0.380000,1,34.00,16526,9,646,20,200.0000,0.170000
Crypto,Australia,2022,4,200,0.533333,3,2.00,16526,9,2376,13,66.6667,0.010000
Crypto,Mexico,2022,4,200,0.000000,1,756.00,16526,9,360,25,200.0000,3.780000
Education,Austria,2022,4,200,0.000000,1,1372.00,17456,8,1140,15,200.0000,6.860000
Food,Germany,2022,4,200,0.175000,2,16622.00,22576,6,7214,6,100.0000,83.110000
Real Estate,Germany,2022,4,200,0.000000,1,428.00,19864,7,7214,6,200.0000,2.140000
Real Estate,Australia,2022,4,198,0.220000,1,0.00,19864,7,2376,13,198.0000,0.000000
Retail,France,2022,4,186,0.130000,1,2000.00,41828,1,1014,16,186.0000,10.752688
Education,Canada,2022,4,180,0.036667,3,1346.00,17456,8,7872,5,60.0000,7.477778
Finance,United Kingdom,2022,4,170,0.332500,4,1080.00,25368,5,4698,10,42.5000,6.352941
Healthcare,Israel,2022,4,170,0.270000,2,244.00,30116,4,5468,8,85.0000,1.435294
Other,Netherlands,2022,4,160,0.155000,2,2240.00,12592,10,10240,3,80.0000,14.000000
Retail,Germany,2022,4,160,0.000000,1,410.00,41828,1,7214,6,160.0000,2.562500
Retail,United Kingdom,2022,4,160,0.375000,2,368.00,41828,1,4698,10,80.0000,2.300000
Transportation,Israel,2022,4,160,0.500000,1,462.00,30454,3,5468,8,160.0000,2.887500
Marketing,Canada,2022,4,148,0.025000,2,712.00,7194,14,7872,5,74.0000,4.810811
HR,United States,2022,4,146,0.300000,4,808.00,1476,22,212820,1,36.5000,5.534247
Finance,Sweden,2022,4,144,0.330000,1,562.00,25368,5,4128,12,144.0000,3.902778
Real Estate,Canada,2022,4,142,0.000000,1,308.00,19864,7,7872,5,142.0000,2.169014
Education,Germany,2022,4,140,0.000000,1,128.00,17456,8,7214,6,140.0000,0.914286
Food,Sweden,2022,4,140,0.090000,2,1636.00,22576,6,4128,12,70.0000,11.685714
Healthcare,India,2022,4,132,0.133333,3,3248.00,30116,4,28448,2,44.0000,24.606061
Food,Singapore,2022,4,130,0.120000,2,214.00,22576,6,7088,7,65.0000,1.646154
Marketing,Germany,2022,4,124,0.120000,1,884.00,7194,14,7214,6,124.0000,7.129032
Crypto,India,2022,4,120,0.400000,1,0.00,16526,9,28448,2,120.0000,0.000000
Finance,Argentina,2022,4,106,0.030000,1,1088.00,25368,5,646,20,106.0000,10.264151
Crypto,Nigeria,2022,4,100,0.066667,3,18.00,16526,9,2040,14,33.3333,0.180000
Healthcare,Germany,2022,4,100,0.000000,1,378.00,30116,4,7214,6,100.0000,3.780000
Marketing,Argentina,2022,4,100,0.050000,1,0.00,7194,14,646,20,100.0000,0.000000
Other,Brazil,2022,4,100,0.040000,1,672.00,12592,10,9778,4,100.0000,6.720000
Real Estate,United Kingdom,2022,4,100,0.000000,1,50.00,19864,7,4698,10,100.0000,0.500000
Consumer,Luxembourg,2022,4,90,0.080000,1,0.00,39712,2,90,34,90.0000,0.000000
Finance,Canada,2022,4,82,0.230000,3,598.00,25368,5,7872,5,27.3333,7.292683
Other,Argentina,2022,4,80,0.000000,1,0.00,12592,10,646,20,80.0000,0.000000
Marketing,Denmark,2022,4,70,0.350000,1,4.00,7194,14,400,24,70.0000,0.057143
Other,Canada,2022,4,68,0.160000,2,442.00,12592,10,7872,5,34.0000,6.500000
Finance,Israel,2022,4,60,0.090000,2,1746.00,25368,5,5468,8,30.0000,29.100000
Food,Nigeria,2022,4,54,0.090000,1,86.00,22576,6,2040,14,54.0000,1.592593
Education,Poland,2022,4,50,0.000000,1,296.00,17456,8,50,39,50.0000,5.920000
Finance,India,2022,4,50,0.000000,1,950.00,25368,5,28448,2,50.0000,19.000000
Data,Canada,2022,4,48,0.300000,1,52.00,2628,20,7872,5,48.0000,1.083333
Product,Germany,2022,4,40,0.100000,1,188.00,1722,21,7214,6,40.0000,4.700000
Security,United Kingdom,2022,4,40,0.120000,1,176.00,7398,13,4698,10,40.0000,4.400000
Transportation,Nigeria,2022,4,40,0.000000,2,1284.00,30454,3,2040,14,20.0000,32.100000
HR,Israel,2022,4,34,0.500000,1,30.00,1476,22,5468,8,34.0000,0.882353
Crypto,United Kingdom,2022,4,32,0.140000,1,0.00,16526,9,4698,10,32.0000,0.000000
Aerospace,United States,2022,4,0,0.160000,1,600.00,200,29,212820,1,0.0000,
Consumer,China,2022,4,0,0.050000,2,26984.00,39712,2,5260,9,0.0000,
Crypto,Canada,2022,4,0,0.000000,1,206.00,16526,9,7872,5,0.0000,
Crypto,Germany,2022,4,0,1.000000,1,84.00,16526,9,7214,6,0.0000,
Crypto,Hong Kong,2022,4,0,0.000000,1,0.00,16526,9,60,36,0.0000,
Crypto,Seychelles,2022,4,0,0.350000,2,16.00,16526,9,150,30,0.0000,
Data,Belgium,2022,4,0,0.000000,1,1192.00,2628,20,0,40,0.0000,
Data,Kenya,2022,4,0,0.120000,1,156.00,2628,20,698,19,0.0000,
Data,United Kingdom,2022,4,0,0.000000,1,126.00,2628,20,4698,10,0.0000,
Education,Indonesia,2022,4,0,0.000000,1,410.00,17456,8,4562,11,0.0000,
Education,United Kingdom,2022,4,0,0.000000,1,100.00,17456,8,4698,10,0.0000,
Energy,United Kingdom,2022,4,0,0.000000,1,32.00,1270,23,4698,10,0.0000,
Energy,United States,2022,4,0,0.400000,1,156.00,1270,23,212820,1,0.0000,
Finance,Chile,2022,4,0,0.000000,1,4.00,25368,5,60,37,0.0000,
Finance,Mexico,2022,4,0,0.400000,1,26.00,25368,5,360,25,0.0000,
Finance,New Zealand,2022,4,0,0.000000,1,58.00,25368,5,90,35,0.0000,
Finance,Singapore,2022,4,0,0.000000,1,1290.00,25368,5,7088,7,0.0000,
Food,Indonesia,2022,4,0,0.025000,2,278.00,22576,6,4562,11,0.0000,
Hardware,China,2022,4,0,0.000000,1,0.00,1210,24,5260,9,0.0000,
Marketing,Spain,2022,4,0,0.000000,1,374.00,7194,14,0,47,0.0000,
Media,China,2022,4,0,0.300000,1,7400.00,3758,16,5260,9,0.0000,
Media,Sweden,2022,4,0,0.000000,1,8400.00,3758,16,4128,12,0.0000,
Media,Switzerland,2022,4,0,0.000000,1,0.00,3758,16,0,48,0.0000,
Other,Australia,2022,4,0,0.300000,1,136.00,12592,10,2376,13,0.0000,
Other,Israel,2022,4,0,1.000000,1,50.00,12592,10,5468,8,0.0000,
Other,United Kingdom,2022,4,0,0.105000,4,3630.00,12592,10,4698,10,0.0000,
Retail,Canada,2022,4,0,0.560000,2,72.00,41828,1,7872,5,0.0000,
Security,Norway,2022,4,0,0.000000,1,16.00,7398,13,280,27,0.0000,
Transportation,Australia,2022,4,0,0.160000,1,210.00,30454,3,2376,13,0.0000,
Transportation,Canada,2022,4,0,0.000000,1,0.00,30454,3,7872,5,0.0000,
Transportation,Egypt,2022,4,0,0.500000,1,528.00,30454,3,0,43,0.0000,
Transportation,Greece,2022,4,0,0.000000,1,12.00,30454,3,0,51,0.0000,
Healthcare,United States,2022,3,8708,0.148444,43,28526.00,30116,4,212820,1,202.5116,3.275838
Food,United States,2022,3,5718,0.212000,20,18520.00,22576,6,212820,1,285.9000,3.238895
Finance,United States,2022,3,3882,0.131053,19,33106.00,25368,5,212820,1,204.3158,8.528078
Consumer,United States,2022,3,3390,0.063636,11,25546.00,39712,2,212820,1,308.1818,7.535693
Retail,United States,2022,3,3304,0.115000,14,11204.00,41828,1,212820,1,236.0000,3.391041
Transportation,United States,2022,3,3186,0.132500,12,49236.00,30454,3,212820,1,265.5000,15.453861
Other,China,2022,3,3000,0.000000,1,368.00,12592,10,5260,9,3000.0000,0.122667
Retail,Canada,2022,3,2772,0.074000,3,788.00,41828,1,7872,5,924.0000,0.284271
Transportation,India,2022,3,2400,0.000000,2,20994.00,30454,3,28448,2,1200.0000,8.747500
Other,United States,2022,3,2310,0.104706,16,7678.00,12592,10,212820,1,144.3750,3.323810
Fitness,United States,2022,3,2282,0.245000,4,6046.00,11092,11,212820,1,570.5000,2.649430
Real Estate,United States,2022,3,1710,0.225385,13,9128.00,19864,7,212820,1,131.5385,5.338012
Sales,United States,2022,3,1606,0.028333,6,3752.00,5202,15,212820,1,267.6667,2.336239
Food,Germany,2022,3,1080,0.000000,1,2600.00,22576,6,7214,6,1080.0000,2.407407
Marketing,United States,2022,3,1006,0.108824,16,6224.00,7194,14,212820,1,62.8750,6.186879
Logistics,Brazil,2022,3,1000,0.150000,1,1014.00,2946,18,9778,4,1000.0000,1.014000
Marketing,Canada,2022,3,956,0.180000,4,1118.00,7194,14,7872,5,239.0000,1.169456
Security,United States,2022,3,952,0.128571,7,4452.00,7398,13,212820,1,136.0000,4.676471
Infrastructure,United States,2022,3,870,0.100000,5,3690.00,9832,12,212820,1,174.0000,4.241379
Crypto,United States,2022,3,844,0.211111,9,7218.00,16526,9,212820,1,93.7778,8.552133
Food,Netherlands,2022,3,780,0.000000,1,5600.00,22576,6,10240,3,780.0000,7.179487
Real Estate,Brazil,2022,3,768,0.120000,1,1576.00,19864,7,9778,4,768.0000,2.052083
Support,United States,2022,3,744,0.020000,8,2388.00,2872,19,212820,1,93.0000,3.209677
HR,United States,2022,3,730,0.097500,12,2402.00,1476,22,212820,1,60.8333,3.290411
Food,Canada,2022,3,700,0.000000,1,12.00,22576,6,7872,5,700.0000,0.017143
Finance,India,2022,3,680,0.233333,3,686.00,25368,5,28448,2,226.6667,1.008824
Logistics,United States,2022,3,666,0.100000,6,3734.00,2946,18,212820,1,111.0000,5.606607
Media,United States,2022,3,634,0.089000,9,247378.00,3758,16,212820,1,70.4444,390.186120
Finance,Senegal,2022,3,600,0.150000,1,584.00,25368,5,600,21,600.0000,0.973333
Retail,India,2022,3,600,0.333333,3,2336.00,41828,1,28448,2,200.0000,3.893333
Other,United Kingdom,2022,3,484,0.290000,1,2000.00,12592,10,4698,10,484.0000,4.132231
Data,United States,2022,3,412,0.097778,8,6526.00,2628,20,212820,1,51.5000,15.839806
Education,Austria,2022,3,400,0.000000,1,1372.00,17456,8,1140,15,400.0000,3.430000
Finance,United Kingdom,2022,3,370,0.110000,2,4004.00,25368,5,4698,10,185.0000,10.821622
Education,India,2022,3,360,0.346667,3,956.00,17456,8,28448,2,120.0000,2.655556
Transportation,Germany,2022,3,360,0.160000,1,1292.00,30454,3,7214,6,360.0000,3.588889
Retail,Germany,2022,3,358,0.120000,3,2006.00,41828,1,7214,6,119.3333,5.603352
Education,United States,2022,3,328,0.255000,8,2252.00,17456,8,212820,1,41.0000,6.865854
Retail,Brazil,2022,3,310,0.103333,3,722.00,41828,1,9778,4,103.3333,2.329032
Crypto,United Kingdom,2022,3,300,0.250000,1,980.00,16526,9,4698,10,300.0000,3.266667
Food,Denmark,2022,3,300,1.000000,1,346.00,22576,6,400,24,300.0000,1.153333
Food,India,2022,3,300,0.000000,2,514.00,22576,6,28448,2,150.0000,1.713333
Marketing,Israel,2022,3,300,0.030000,3,388.00,7194,14,5468,8,100.0000,1.293333
Product,United States,2022,3,296,0.183333,6,2658.00,1722,21,212820,1,49.3333,8.979730
Finance,Brazil,2022,3,272,0.230000,4,934.00,25368,5,9778,4,68.0000,3.433824
Transportation,Brazil,2022,3,270,0.010000,2,544.00,30454,3,9778,4,135.0000,2.014815
Fin-Tech,Canada,2022,3,250,0.250000,1,1362.00,430,28,7872,5,250.0000,5.448000
Support,Israel,2022,3,240,1.000000,1,36.00,2872,19,5468,8,240.0000,0.150000
Finance,Sweden,2022,3,224,0.000000,2,7534.00,25368,5,4128,12,112.0000,33.633929
Aerospace,United States,2022,3,200,1.000000,1,2.00,200,29,212820,1,200.0000,0.010000
Crypto,Brazil,2022,3,200,0.150000,1,500.00,16526,9,9778,4,200.0000,2.500000
Finance,Germany,2022,3,200,0.100000,2,1146.00,25368,5,7214,6,100.0000,5.730000
Finance,Israel,2022,3,200,0.060000,1,644.00,25368,5,5468,8,200.0000,3.220000
Healthcare,United Kingdom,2022,3,200,0.000000,1,2200.00,30116,4,4698,10,200.0000,11.000000
Product,Germany,2022,3,200,0.300000,1,178.00,1722,21,7214,6,200.0000,0.890000
Security,Israel,2022,3,200,0.140000,1,2.00,7398,13,5468,8,200.0000,0.010000
Crypto,Australia,2022,3,188,0.135000,2,558.00,16526,9,2376,13,94.0000,2.968085
Other,Israel,2022,3,180,0.093333,3,524.00,12592,10,5468,8,60.0000,2.911111
Real Estate,Germany,2022,3,180,0.000000,1,428.00,19864,7,7214,6,180.0000,2.377778
Travel,United States,2022,3,170,1.000000,1,52.00,3274,17,212820,1,170.0000,0.305882
Logistics,Kenya,2022,3,168,0.150000,1,104.00,2946,18,698,19,168.0000,0.619048
Sales,Canada,2022,3,168,0.083333,3,570.00,5202,15,7872,5,56.0000,3.392857
Other,Brazil,2022,3,166,0.820000,1,0.00,12592,10,9778,4,166.0000,0.000000
Consumer,Israel,2022,3,160,0.120000,1,670.00,39712,2,5468,8,160.0000,4.187500
Healthcare,Canada,2022,3,160,0.140000,1,586.00,30116,4,7872,5,160.0000,3.662500
Support,Canada,2022,3,156,0.160000,1,380.00,2872,19,7872,5,156.0000,2.435897
Marketing,Australia,2022,3,150,1.000000,1,36.00,7194,14,2376,13,150.0000,0.240000
Construction,Canada,2022,3,140,0.120000,1,326.00,866,25,7872,5,140.0000,2.328571
Fin-Tech,Germany,2022,3,140,0.150000,1,300.00,430,28,7214,6,140.0000,2.142857
Media,Sweden,2022,3,140,0.150000,1,252.00,3758,16,4128,12,140.0000,1.800000
Other,Germany,2022,3,136,0.100000,2,1388.00,12592,10,7214,6,68.0000,10.205882
Healthcare,Brazil,2022,3,126,0.000000,1,348.00,30116,4,9778,4,126.0000,2.761905
Food,Singapore,2022,3,120,0.000000,1,1498.00,22576,6,7088,7,120.0000,12.483333
Transportation,Lithuania,2022,3,120,0.000000,1,49400.00,30454,3,120,31,120.0000,411.666667
Marketing,Germany,2022,3,118,0.300000,1,274.00,7194,14,7214,6,118.0000,2.322034
Energy,Australia,2022,3,116,0.000000,1,290.00,1270,23,2376,13,116.0000,2.500000
Fitness,Germany,2022,3,110,0.150000,1,190.00,11092,11,7214,6,110.0000,1.727273
Retail,Thailand,2022,3,110,0.080000,1,240.00,41828,1,110,32,110.0000,2.181818
Retail,Kenya,2022,3,108,0.090000,1,84.00,41828,1,698,19,108.0000,0.777778
Consumer,Australia,2022,3,100,0.085000,2,382.00,39712,2,2376,13,50.0000,3.820000
Other,Canada,2022,3,100,0.080000,1,182.00,12592,10,7872,5,100.0000,1.820000
Education,Brazil,2022,3,94,0.100000,1,80.00,17456,8,9778,4,94.0000,0.851064
Finance,New Zealand,2022,3,90,0.000000,1,260.00,25368,5,90,35,90.0000,2.888889
Consumer,India,2022,3,80,0.000000,1,88.00,39712,2,28448,2,80.0000,1.100000
Crypto,Singapore,2022,3,80,0.400000,2,312.00,16526,9,7088,7,40.0000,3.900000
Finance,Australia,2022,3,80,0.135000,2,132.00,25368,5,2376,13,40.0000,1.650000
Security,United Kingdom,2022,3,76,0.100000,1,246.00,7398,13,4698,10,76.0000,3.236842
Crypto,Canada,2022,3,60,0.240000,1,196.00,16526,9,7872,5,60.0000,3.266667
Crypto,Hong Kong,2022,3,60,0.090000,2,1256.00,16526,9,60,36,30.0000,20.933333
Healthcare,Chile,2022,3,60,0.000000,1,408.00,30116,4,60,37,60.0000,6.800000
Legal,Israel,2022,3,60,0.330000,1,82.00,700,27,5468,8,60.0000,1.366667
Marketing,United Kingdom,2022,3,60,0.560000,2,686.00,7194,14,4698,10,30.0000,11.433333
Consumer,United Kingdom,2022,3,58,0.000000,1,0.00,39712,2,4698,10,58.0000,0.000000
HR,United Kingdom,2022,3,56,0.200000,1,0.00,1476,22,4698,10,56.0000,0.000000
HR,Israel,2022,3,54,0.300000,2,64.00,1476,22,5468,8,27.0000,1.185185
Logistics,Australia,2022,3,54,0.120000,1,138.00,2946,18,2376,13,54.0000,2.555556
Security,Canada,2022,3,48,0.050000,1,948.00,7398,13,7872,5,48.0000,19.750000
Finance,Nigeria,2022,3,46,0.050000,1,182.00,25368,5,2040,14,46.0000,3.956522
Recruiting,United States,2022,3,46,0.300000,1,44.00,760,26,212820,1,46.0000,0.956522
Consumer,Canada,2022,3,44,0.000000,1,2.00,39712,2,7872,5,44.0000,0.045455
Travel,Canada,2022,3,44,0.000000,1,22.00,3274,17,7872,5,44.0000,0.500000
Fin-Tech,United States,2022,3,40,0.330000,1,56.00,430,28,212820,1,40.0000,1.400000
Retail,Israel,2022,3,26,0.080000,1,142.00,41828,1,5468,8,26.0000,5.461538
Data,Israel,2022,3,24,0.045000,2,938.00,2628,20,5468,8,12.0000,39.083333
Real Estate,Israel,2022,3,22,0.000000,1,30.00,19864,7,5468,8,22.0000,1.363636
Recruiting,Australia,2022,3,14,0.000000,1,52.00,760,26,2376,13,14.0000,3.714286
Construction,Germany,2022,3,0,0.000000,1,90.00,866,25,7214,6,0.0000,
Consumer,Germany,2022,3,0,0.200000,1,1084.00,39712,2,7214,6,0.0000,
Consumer,Singapore,2022,3,0,0.000000,1,17200.00,39712,2,7088,7,0.0000,
Crypto,Seychelles,2022,3,0,0.000000,1,22.00,16526,9,150,30,0.0000,
Data,United Kingdom,2022,3,0,0.000000,1,1384.00,2628,20,4698,10,0.0000,
Education,Indonesia,2022,3,0,0.300000,1,40.00,17456,8,4562,11,0.0000,
Energy,United States,2022,3,0,0.200000,1,982.00,1270,23,212820,1,0.0000,
Finance,Egypt,2022,3,0,0.000000,1,66.00,25368,5,0,43,0.0000,
Food,China,2022,3,0,0.000000,1,3400.00,22576,6,5260,9,0.0000,
Food,Indonesia,2022,3,0,0.000000,1,0.00,22576,6,4562,11,0.0000,
Healthcare,Australia,2022,3,0,0.000000,1,4.00,30116,4,2376,13,0.0000,
HR,Germany,2022,3,0,0.000000,1,214.00,1476,22,7214,6,0.0000,
Infrastructure,Hungary,2022,3,0,0.140000,1,166.00,9832,12,0,45,0.0000,
Logistics,Pakistan,2022,3,0,1.000000,1,218.00,2946,18,0,46,0.0000,
Marketing,Luxembourg,2022,3,0,0.150000,1,18.00,7194,14,90,34,0.0000,
Media,United Kingdom,2022,3,0,0.000000,1,0.00,3758,16,4698,10,0.0000,
Other,Ghana,2022,3,0,0.000000,1,0.00,12592,10,0,49,0.0000,
Other,Norway,2022,3,0,0.000000,1,20.00,12592,10,280,27,0.0000,
Real Estate,Australia,2022,3,0,1.000000,1,12.00,19864,7,2376,13,0.0000,
Real Estate,Vietnam,2022,3,0,1.000000,1,66.00,19864,7,0,50,0.0000,
Retail,Australia,2022,3,0,0.000000,1,0.00,41828,1,2376,13,0.0000,
Retail,Nigeria,2022,3,0,0.000000,1,32.00,41828,1,2040,14,0.0000,
Retail,United Kingdom,2022,3,0,0.350000,1,272.00,41828,1,4698,10,0.0000,
Transportation,Israel,2022,3,0,0.000000,1,462.00,30454,3,5468,8,0.0000,
Transportation,Malaysia,2022,3,0,0.100000,1,1214.00,30454,3,100,33,0.0000,
Transportation,United Kingdom,2022,3,0,0.300000,1,1258.00,30454,3,4698,10,0.0000,
Transportation,United States,2022,2,7688,0.131000,10,53396.00,30454,3,212820,1,768.8000,6.945369
Education,India,2022,2,5758,0.327273,9,7210.00,17456,8,28448,2,639.7778,1.252171
Finance,United States,2022,2,3982,0.143077,26,25448.00,25368,5,212820,1,153.1538,6.390758
Security,United States,2022,2,3846,0.135000,12,14120.00,7398,13,212820,1,320.5000,3.671347
Crypto,United States,2022,2,2972,0.126000,5,4564.00,16526,9,212820,1,594.4000,1.535666
Healthcare,United States,2022,2,2812,0.287333,14,9270.00,30116,4,212820,1,200.8571,3.296586
Retail,United States,2022,2,2160,0.123846,12,11162.00,41828,1,212820,1,180.0000,5.167593
Real Estate,United States,2022,2,2070,0.170000,11,9772.00,19864,7,212820,1,188.1818,4.720773
Crypto,Singapore,2022,2,1720,0.116667,2,312.00,16526,9,7088,7,860.0000,0.181395
Transportation,United Kingdom,2022,2,1500,0.150000,1,4000.00,30454,3,4698,10,1500.0000,2.666667
Finance,Sweden,2022,2,1400,0.100000,1,7400.00,25368,5,4128,12,1400.0000,5.285714
Healthcare,India,2022,2,1380,0.345000,4,3488.00,30116,4,28448,2,345.0000,2.527536
Media,United States,2022,2,1282,0.104444,7,732158.00,3758,16,212820,1,183.1429,571.106084
Transportation,India,2022,2,1280,0.130000,2,2626.00,30454,3,28448,2,640.0000,2.051563
Energy,United States,2022,2,1094,0.000000,2,1586.00,1270,23,212820,1,547.0000,1.449726
Retail,India,2022,2,1042,0.113333,3,5424.00,41828,1,28448,2,347.3333,5.205374
Food,Israel,2022,2,1000,0.670000,1,90.00,22576,6,5468,8,1000.0000,0.090000
Transportation,Netherlands,2022,2,1000,0.100000,1,0.00,30454,3,10240,3,1000.0000,0.000000
Education,United States,2022,2,952,0.149000,10,2816.00,17456,8,212820,1,95.2000,2.957983
Consumer,United States,2022,2,930,0.228182,11,4320.00,39712,2,212820,1,84.5455,4.645161
Retail,Brazil,2022,2,920,0.143333,3,2378.00,41828,1,9778,4,306.6667,2.584783
Finance,Brazil,2022,2,880,0.115000,2,1020.00,25368,5,9778,4,440.0000,1.159091
Other,France,2022,2,828,0.250000,2,1140.00,12592,10,1014,16,414.0000,1.376812
Marketing,United States,2022,2,826,0.086250,7,4556.00,7194,14,212820,1,118.0000,5.515738
Retail,Russia,2022,2,800,0.400000,1,120.00,41828,1,800,18,800.0000,0.150000
Transportation,United Arab Emirates,2022,2,800,0.320000,1,264.00,30454,3,918,17,800.0000,0.330000
Data,United States,2022,2,774,0.110000,6,7106.00,2628,20,212820,1,129.0000,9.180879
Food,United States,2022,2,740,0.133333,5,3404.00,22576,6,212820,1,148.0000,4.600000
Other,United States,2022,2,666,0.092857,7,7146.00,12592,10,212820,1,95.1429,10.729730
Consumer,China,2022,2,660,0.045000,2,20634.00,39712,2,5260,9,330.0000,31.263636
Travel,United States,2022,2,660,0.105000,2,3300.00,3274,17,212820,1,330.0000,5.000000
Real Estate,Brazil,2022,2,638,0.020000,2,3086.00,19864,7,9778,4,319.0000,4.836991
Crypto,China,2022,2,600,0.300000,1,4.00,16526,9,5260,9,600.0000,0.006667
Food,Australia,2022,2,600,0.750000,2,32.00,22576,6,2376,13,300.0000,0.053333
Food,Germany,2022,2,600,0.500000,1,2600.00,22576,6,7214,6,600.0000,4.333333
Crypto,Austria,2022,2,540,0.270000,1,1092.00,16526,9,1140,15,540.0000,2.022222
Retail,Sweden,2022,2,540,0.100000,2,112.00,41828,1,4128,12,270.0000,0.207407
Consumer,Israel,2022,2,500,0.060000,1,0.00,39712,2,5468,8,500.0000,0.000000
Logistics,India,2022,2,500,0.300000,1,300.00,2946,18,28448,2,500.0000,0.600000
Retail,Finland,2022,2,500,0.170000,1,338.00,41828,1,500,22,500.0000,0.676000
Travel,United Kingdom,2022,2,460,0.340000,2,540.00,3274,17,4698,10,230.0000,1.173913
Finance,Canada,2022,2,438,0.065000,2,3162.00,25368,5,7872,5,219.0000,7.219178
Education,Indonesia,2022,2,400,0.000000,1,40.00,17456,8,4562,11,400.0000,0.100000
Fitness,United States,2022,2,400,0.000000,2,1238.00,11092,11,212820,1,200.0000,3.095000
Infrastructure,United States,2022,2,380,0.215714,6,1002.00,9832,12,212820,1,63.3333,2.636842
Finance,India,2022,2,360,0.150000,1,344.00,25368,5,28448,2,360.0000,0.955556
Food,Brazil,2022,2,340,0.000000,1,62.00,22576,6,9778,4,340.0000,0.182353
Product,United States,2022,2,336,0.110000,4,1402.00,1722,21,212820,1,84.0000,4.172619
Marketing,Indonesia,2022,2,300,0.000000,1,298.00,7194,14,4562,11,300.0000,0.993333
Transportation,Brazil,2022,2,300,0.000000,1,3200.00,30454,3,9778,4,300.0000,10.666667
Logistics,United States,2022,2,298,0.050000,3,2942.00,2946,18,212820,1,99.3333,9.872483
Construction,India,2022,2,280,0.500000,1,6.00,866,25,28448,2,280.0000,0.021429
Finance,United Kingdom,2022,2,278,0.170000,3,866.00,25368,5,4698,10,92.6667,3.115108
Healthcare,Brazil,2022,2,270,0.175000,2,94.00,30116,4,9778,4,135.0000,0.348148
Legal,United States,2022,2,220,0.625000,2,436.00,700,27,212820,1,110.0000,1.981818
Finance,Germany,2022,2,218,0.137500,4,2634.00,25368,5,7214,6,54.5000,12.082569
Support,United States,2022,2,204,0.000000,2,1416.00,2872,19,212820,1,102.0000,6.941176
Consumer,India,2022,2,200,0.100000,1,750.00,39712,2,28448,2,200.0000,3.750000
Healthcare,Sweden,2022,2,200,0.100000,1,1136.00,30116,4,4128,12,200.0000,5.680000
Marketing,Australia,2022,2,200,0.000000,1,0.00,7194,14,2376,13,200.0000,0.000000
Retail,Germany,2022,2,200,0.100000,1,2000.00,41828,1,7214,6,200.0000,10.000000
Retail,Singapore,2022,2,200,0.110000,2,2110.00,41828,1,7088,7,100.0000,10.550000
Data,Israel,2022,2,190,0.540000,2,532.00,2628,20,5468,8,95.0000,2.800000
Food,Canada,2022,2,186,0.080000,2,300.00,22576,6,7872,5,93.0000,1.612903
Crypto,Brazil,2022,2,180,0.120000,1,500.00,16526,9,9778,4,180.0000,2.777778
Crypto,Argentina,2022,2,160,0.450000,1,22.00,16526,9,646,20,160.0000,0.137500
Crypto,Mexico,2022,2,160,0.110000,1,756.00,16526,9,360,25,160.0000,4.725000
Food,India,2022,2,160,0.300000,1,24.00,22576,6,28448,2,160.0000,0.150000
Food,Romania,2022,2,160,0.000000,1,1498.00,22576,6,160,29,160.0000,9.362500
Transportation,Canada,2022,2,152,0.220000,1,306.00,30454,3,7872,5,152.0000,2.013158
Crypto,Seychelles,2022,2,150,0.250000,1,0.00,16526,9,150,30,150.0000,0.000000
Media,Israel,2022,2,148,0.133333,3,798.00,3758,16,5468,8,49.3333,5.391892
Crypto,Australia,2022,2,140,0.300000,1,26.00,16526,9,2376,13,140.0000,0.185714
Consumer,Brazil,2022,2,120,0.200000,1,0.00,39712,2,9778,4,120.0000,0.000000
Retail,Canada,2022,2,118,0.445000,1,108.00,41828,1,7872,5,118.0000,0.915254
Consumer,United Kingdom,2022,2,100,0.020000,1,0.00,39712,2,4698,10,100.0000,0.000000
Healthcare,United Arab Emirates,2022,2,100,0.100000,1,142.00,30116,4,918,17,100.0000,1.420000
Retail,Malaysia,2022,2,100,0.200000,1,52.00,41828,1,100,33,100.0000,0.520000
Data,India,2022,2,80,0.000000,1,46.00,2628,20,28448,2,80.0000,0.575000
Finance,Singapore,2022,2,62,0.140000,1,122.00,25368,5,7088,7,62.0000,1.967742
Energy,Australia,2022,2,60,0.200000,2,314.00,1270,23,2376,13,30.0000,5.233333
HR,Colombia,2022,2,60,0.000000,1,12.00,1476,22,60,38,60.0000,0.200000
Sales,United States,2022,2,60,0.000000,1,102.00,5202,15,212820,1,60.0000,1.700000
Transportation,Israel,2022,2,60,0.000000,1,98.00,30454,3,5468,8,60.0000,1.633333
Media,Canada,2022,2,46,0.380000,1,6.00,3758,16,7872,5,46.0000,0.130435
Healthcare,Australia,2022,2,36,0.500000,1,40.00,30116,4,2376,13,36.0000,1.111111
Other,Germany,2022,2,36,0.300000,1,50.00,12592,10,7214,6,36.0000,1.388889
Consumer,Denmark,2022,2,30,0.000000,1,14.00,39712,2,400,24,30.0000,0.466667
Logistics,Canada,2022,2,20,0.300000,1,40.00,2946,18,7872,5,20.0000,2.000000
Crypto,United Arab Emirates,2022,2,18,0.050000,1,60.00,16526,9,918,17,18.0000,3.333333
Consumer,Sweden,2022,2,0,0.400000,1,48.00,39712,2,4128,12,0.0000,
Education,Peru,2022,2,0,0.000000,1,186.00,17456,8,0,41,0.0000,
Finance,Australia,2022,2,0,0.650000,2,270.00,25368,5,2376,13,0.0000,
Finance,Bahrain,2022,2,0,0.000000,1,404.00,25368,5,0,42,0.0000,
Finance,Colombia,2022,2,0,0.000000,1,752.00,25368,5,60,38,0.0000,
Finance,Ireland,2022,2,0,0.000000,1,1362.00,25368,5,418,23,0.0000,
Food,Colombia,2022,2,0,0.030000,1,404.00,22576,6,60,38,0.0000,
Food,Kenya,2022,2,0,1.000000,1,2.00,22576,6,698,19,0.0000,
Food,Singapore,2022,2,0,0.000000,1,0.00,22576,6,7088,7,0.0000,
Food,Turkey,2022,2,0,0.140000,1,3600.00,22576,6,0,44,0.0000,
Food,United Kingdom,2022,2,0,0.100000,1,600.00,22576,6,4698,10,0.0000,
Logistics,Pakistan,2022,2,0,0.305000,2,252.00,2946,18,0,46,0.0000,
Media,Luxembourg,2022,2,0,0.000000,1,0.00,3758,16,90,34,0.0000,
Real Estate,China,2022,2,0,0.200000,1,4200.00,19864,7,5260,9,0.0000,
Real Estate,Vietnam,2022,2,0,0.500000,1,66.00,19864,7,0,50,0.0000,
Retail,Australia,2022,2,0,0.000000,1,46.00,41828,1,2376,13,0.0000,
Real Estate,United States,2022,1,6582,0.320000,4,3454.00,19864,7,212820,1,1645.5000,0.524765
Fitness,United States,2022,1,5600,0.100000,2,4200.00,11092,11,212820,1,2800.0000,0.750000
Retail,India,2022,1,1660,0.166667,3,17780.00,41828,1,28448,2,553.3333,10.710843
Food,United States,2022,1,1220,0.076667,2,13840.00,22576,6,212820,1,610.0000,11.344262
Healthcare,China,2022,1,1000,0.000000,1,2800.00,30116,4,5260,9,1000.0000,2.800000
Finance,United States,2022,1,660,0.100000,2,1656.00,25368,5,212820,1,330.0000,2.509091
Healthcare,United States,2022,1,500,0.123333,3,866.00,30116,4,212820,1,166.6667,1.732000
Retail,United States,2022,1,380,0.160000,2,4148.00,41828,1,212820,1,190.0000,10.915789
Education,India,2022,1,300,0.000000,1,48.00,17456,8,28448,2,300.0000,0.160000
Other,United States,2022,1,276,0.120000,1,2000.00,12592,10,212820,1,276.0000,7.246377
Finance,Sweden,2022,1,240,0.000000,1,56.00,25368,5,4128,12,240.0000,0.233333
Transportation,United States,2022,1,222,0.375000,2,752.00,30454,3,212820,1,111.0000,3.387387
Data,United States,2022,1,200,0.125000,2,734.00,2628,20,212820,1,100.0000,3.670000
Education,Canada,2022,1,200,0.200000,1,44.00,17456,8,7872,5,200.0000,0.220000
Food,Brazil,2022,1,200,0.150000,1,236.00,22576,6,9778,4,200.0000,1.180000
Media,Sweden,2022,1,200,0.100000,1,550.00,3758,16,4128,12,200.0000,2.750000
Consumer,United States,2022,1,160,0.330000,1,532.00,39712,2,212820,1,160.0000,3.325000
Data,Germany,2022,1,118,0.400000,1,80.00,2628,20,7214,6,118.0000,0.677966
Finance,India,2022,1,60,0.000000,1,170.00,25368,5,28448,2,60.0000,2.833333
Finance,Israel,2022,1,40,0.000000,1,84.00,25368,5,5468,8,40.0000,2.100000
Real Estate,United States,2021,4,5800,0.170000,2,2004.00,5800,2,18940,1,2900.0000,0.345517
Food,Germany,2021,4,600,0.000000,1,16600.00,5288,3,774,4,600.0000,27.666667
Data,United States,2021,4,140,0.270000,1,92.00,180,10,18940,1,140.0000,0.657143
Product,United States,2021,4,44,0.000000,1,712.00,44,14,18940,1,44.0000,16.181818
Fitness,United States,2021,4,0,0.000000,1,400.00,0,18,18940,1,0.0000,
Media,United States,2021,4,0,1.000000,1,140.00,166,11,18940,1,0.0000,
Consumer,China,2021,3,3600,0.000000,1,18800.00,7200,1,3600,3,3600.0000,5.222222
Other,United States,2021,3,240,0.000000,1,1948.00,1030,7,18940,1,240.0000,8.116667
HR,India,2021,3,160,0.000000,1,34.00,160,12,8160,2,160.0000,0.212500
Education,United States,2021,3,156,0.700000,2,52.00,3886,5,18940,1,78.0000,0.333333
Security,United States,2021,3,60,0.000000,1,2000.00,60,13,18940,1,60.0000,33.333333
Consumer,United States,2021,3,0,0.000000,1,156.00,7200,1,18940,1,0.0000,
Food,United States,2021,3,0,0.000000,1,458.00,5288,3,18940,1,0.0000,
Retail,United States,2021,3,0,0.000000,1,678.00,2176,6,18940,1,0.0000,
Construction,United States,2021,2,4868,1.000000,1,3200.00,4868,4,18940,1,4868.0000,0.657354
Infrastructure,United States,2021,2,320,0.070000,1,429.00,320,9,18940,1,320.0000,1.340625
Education,United States,2021,2,130,0.000000,1,244.00,3886,5,18940,1,130.0000,1.876923
Media,United States,2021,2,72,0.500000,2,362.00,166,11,18940,1,36.0000,5.027778
Finance,United Kingdom,2021,2,0,0.000000,1,106.00,0,17,40,7,0.0000,
Food,United States,2021,1,4114,0.075000,2,6326.00,5288,3,18940,1,2057.0000,1.537676
Consumer,India,2021,1,3600,0.000000,1,14800.00,7200,1,8160,2,3600.0000,4.111111
Education,India,2021,1,3600,0.000000,1,22.00,3886,5,8160,2,3600.0000,0.006111
Retail,United States,2021,1,2086,0.000000,2,710.00,2176,6,18940,1,1043.0000,0.340364
Other,United States,2021,1,790,0.075000,2,5800.00,1030,7,18940,1,395.0000,7.341772
Food,India,2021,1,400,0.000000,1,388.00,5288,3,8160,2,400.0000,0.970000
Transportation,India,2021,1,400,0.400000,1,428.40,400,8,8160,2,400.0000,1.071000
Food,Germany,2021,1,174,0.200000,1,78.00,5288,3,774,4,174.0000,0.448276
Media,United States,2021,1,94,0.000000,2,338.00,166,11,18940,1,47.0000,3.595745
Retail,Canada,2021,1,90,1.000000,1,122.00,2176,6,90,5,90.0000,1.355556
Marketing,Singapore,2021,1,42,1.000000,1,40.00,42,15,42,6,42.0000,0.952381
Data,United Kingdom,2021,1,40,0.000000,1,300.00,180,10,40,7,40.0000,7.500000
Recruiting,United States,2021,1,26,1.000000,1,0.00,26,16,18940,1,26.0000,0.000000
Consumer,United States,2021,1,0,0.000000,1,210.00,7200,1,18940,1,0.0000,
Data,United States,2021,1,0,0.000000,1,372.00,180,10,18940,1,0.0000,
Finance,United States,2021,1,0,1.000000,2,1198.00,0,17,18940,1,0.0000,
Infrastructure,United States,2021,1,0,0.000000,1,0.00,320,9,18940,1,0.0000,
Travel,India,2020,4,1200,0.000000,1,6400.00,27966,2,25864,2,1200.0000,5.333333
Healthcare,United States,2020,4,508,0.466667,3,115.00,2250,15,100770,1,169.3333,0.226378
Marketing,India,2020,4,500,0.000000,1,56.00,5916,9,25864,2,500.0000,0.112000
Real Estate,Canada,2020,4,240,0.800000,1,262.00,7398,7,2422,7,240.0000,1.091667
Travel,Germany,2020,4,180,0.170000,1,1312.00,27966,2,1062,11,180.0000,7.288889
Security,United States,2020,4,156,0.500000,2,28.00,576,23,100770,1,78.0000,0.179487
Data,United States,2020,4,108,0.000000,2,838.00,2536,13,100770,1,54.0000,7.759259
Retail,United States,2020,4,60,0.500000,2,210.80,16004,4,100770,1,30.0000,3.513333
Support,United States,2020,4,60,0.000000,1,84.00,648,22,100770,1,60.0000,1.400000
Real Estate,United States,2020,4,40,0.290000,2,1352.00,7398,7,100770,1,20.0000,33.800000
Education,United States,2020,4,16,0.000000,1,16.00,1370,18,100770,1,16.0000,1.000000
Finance,United States,2020,4,10,0.250000,1,6.00,17248,3,100770,1,10.0000,0.600000
Food,Indonesia,2020,4,0,0.000000,1,1828.00,12436,5,1760,8,0.0000,
Food,United States,2020,4,0,0.000000,1,134.00,12436,5,100770,1,0.0000,
HR,United States,2020,4,0,0.000000,1,240.00,1564,17,100770,1,0.0000,
Infrastructure,United States,2020,4,0,0.000000,1,210.00,754,21,100770,1,0.0000,
Media,United States,2020,4,0,1.000000,1,3600.00,2300,14,100770,1,0.0000,
Transportation,United States,2020,4,0,0.000000,1,190.00,29312,1,100770,1,0.0000,
Travel,Netherlands,2020,3,8750,0.250000,1,0.00,27966,2,9200,3,8750.0000,0.000000
Sales,United States,2020,3,2112,0.010000,2,170.80,2608,12,100770,1,1056.0000,0.080871
Recruiting,United States,2020,3,1920,0.030000,2,308.00,4764,10,100770,1,960.0000,0.160417
Food,India,2020,3,700,0.050000,1,3200.00,12436,5,25864,2,700.0000,4.571429
Travel,India,2020,3,700,0.100000,1,1096.00,27966,2,25864,2,700.0000,1.565714
Consumer,United States,2020,3,636,0.083333,3,232.20,12126,6,100770,1,212.0000,0.365094
Travel,United Kingdom,2020,3,600,0.200000,1,394.40,27966,2,3716,6,600.0000,0.657333
Media,United States,2020,3,524,0.000000,5,869.60,2300,14,100770,1,104.8000,1.659542
Data,United States,2020,3,480,0.475000,2,468.20,2536,13,100770,1,240.0000,0.975417
Retail,United States,2020,3,474,0.690000,2,457.60,16004,4,100770,1,237.0000,0.965401
Construction,United States,2020,3,360,0.090000,1,1298.00,1792,16,100770,1,360.0000,3.605556
Logistics,India,2020,3,280,0.000000,1,140.00,2636,11,25864,2,280.0000,0.500000
Fitness,India,2020,3,240,0.000000,1,809.20,6284,8,25864,2,240.0000,3.371667
Finance,United States,2020,3,214,0.122500,4,4866.00,17248,3,100770,1,53.5000,22.738318
Retail,Singapore,2020,3,200,0.120000,1,614.00,16004,4,4722,5,200.0000,3.070000
Marketing,United States,2020,3,156,0.103333,3,614.40,5916,9,100770,1,52.0000,3.938462
Finance,Germany,2020,3,150,0.720000,1,120.36,17248,3,1062,11,150.0000,0.802400
Food,Canada,2020,3,150,0.500000,1,106.00,12436,5,2422,7,150.0000,0.706667
HR,United States,2020,3,128,0.120000,1,618.00,1564,17,100770,1,128.0000,4.828125
Real Estate,United States,2020,3,112,0.500000,2,260.80,7398,7,100770,1,56.0000,2.328571
Healthcare,United States,2020,3,94,0.060000,1,712.00,2250,15,100770,1,94.0000,7.574468
Finance,India,2020,3,80,0.000000,1,51.20,17248,3,25864,2,80.0000,0.640000
Infrastructure,Australia,2020,3,60,0.000000,1,72.00,754,21,252,15,60.0000,1.200000
Retail,Canada,2020,3,60,0.000000,1,244.60,16004,4,2422,7,60.0000,4.076667
Transportation,United States,2020,3,60,0.050000,3,488.00,29312,1,100770,1,20.0000,8.133333
Finance,Singapore,2020,3,44,0.110000,1,194.00,17248,3,4722,5,44.0000,4.409091
Food,Singapore,2020,3,40,1.000000,1,1.96,12436,5,4722,5,40.0000,0.049000
Media,United Kingdom,2020,3,40,0.000000,1,81.00,2300,14,3716,6,40.0000,2.025000
Healthcare,United Kingdom,2020,3,16,0.800000,1,31.00,2250,15,3716,6,16.0000,1.937500
Consumer,China,2020,3,0,0.000000,1,210.00,12126,6,0,25,0.0000,
Education,United States,2020,3,0,0.000000,1,45.60,1370,18,100770,1,0.0000,
Food,United States,2020,3,0,0.000000,1,26.00,12436,5,100770,1,0.0000,
HR,United Kingdom,2020,3,0,0.000000,1,59.40,1564,17,3716,6,0.0000,
Infrastructure,United States,2020,3,0,1.000000,1,20.00,754,21,100770,1,0.0000,
Logistics,United States,2020,3,0,0.000000,1,0.00,2636,11,100770,1,0.0000,
Product,United States,2020,3,0,0.000000,1,700.40,398,25,100770,1,0.0000,
Real Estate,China,2020,3,0,0.000000,1,39000.00,7398,7,0,25,0.0000,
Retail,Indonesia,2020,3,0,1.000000,1,54.00,16004,4,1760,8,0.0000,
Retail,United Arab Emirates,2020,3,0,1.000000,1,60.00,16004,4,1072,10,0.0000,
Transportation,United Kingdom,2020,3,0,0.000000,1,3.08,29312,1,3716,6,0.0000,
Transportation,Uruguay,2020,3,0,0.000000,1,3.60,29312,1,0,29,0.0000,
Travel,Canada,2020,3,0,0.000000,1,44.80,27966,2,2422,7,0.0000,
Travel,Germany,2020,3,0,0.000000,1,2.60,27966,2,1062,11,0.0000,
Transportation,United States,2020,2,18932,0.215652,21,135574.00,29312,1,100770,1,901.5238,7.161103
Retail,United States,2020,2,11800,0.295926,27,8255.20,16004,4,100770,1,437.0370,0.699593
Consumer,United States,2020,2,9148,0.213333,15,12786.40,12126,6,100770,1,609.8667,1.397726
Travel,United States,2020,2,6488,0.280909,11,18329.00,27966,2,100770,1,589.8182,2.825062
Finance,India,2020,2,5182,0.233333,6,7258.00,17248,3,25864,2,863.6667,1.400618
Finance,United States,2020,2,5054,0.182353,34,17666.00,17248,3,100770,1,148.6471,3.495449
Food,India,2020,2,4840,0.090000,2,8228.00,12436,5,25864,2,2420.0000,1.700000
Transportation,India,2020,2,4740,0.160000,5,58166.40,29312,1,25864,2,948.0000,12.271392
Food,United States,2020,2,4136,0.322222,9,4708.00,12436,5,100770,1,459.5556,1.138298
Marketing,United States,2020,2,3986,0.140000,31,6405.60,5916,9,100770,1,128.5806,1.607025
Finance,Brazil,2020,2,3316,0.115714,7,1008.00,17248,3,6682,4,473.7143,0.303981
Travel,Singapore,2020,2,3000,0.116667,2,536.00,27966,2,4722,5,1500.0000,0.178667
Real Estate,United States,2020,2,2886,0.291538,13,9454.00,7398,7,100770,1,222.0000,3.275814
Recruiting,United States,2020,2,1710,0.180714,14,2416.00,4764,10,100770,1,122.1429,1.412865
Fitness,United States,2020,2,1708,0.285000,2,1326.00,6284,8,100770,1,854.0000,0.776347
Retail,India,2020,2,1700,0.207500,4,986.00,16004,4,25864,2,425.0000,0.580000
Fitness,India,2020,2,1600,0.160000,1,808.00,6284,8,25864,2,1600.0000,0.505000
Healthcare,United States,2020,2,1596,0.164615,13,4964.00,2250,15,100770,1,122.7692,3.110276
Data,United States,2020,2,1488,0.102632,19,7859.00,2536,13,100770,1,78.3158,5.281586
Travel,Brazil,2020,2,1334,0.210000,2,4800.00,27966,2,6682,4,667.0000,3.598201
Construction,United States,2020,2,1312,0.092500,3,5162.00,1792,16,100770,1,437.3333,3.934451
Media,United States,2020,2,1136,0.108235,16,2296.00,2300,14,100770,1,71.0000,2.021127
HR,United States,2020,2,1084,0.160769,13,2688.00,1564,17,100770,1,83.3846,2.479705
Transportation,United Arab Emirates,2020,2,1072,0.310000,1,1542.00,29312,1,1072,10,1072.0000,1.438433
Fitness,Brazil,2020,2,934,0.330000,1,600.00,6284,8,6682,4,934.0000,0.642398
Logistics,United States,2020,2,898,0.122000,5,2740.00,2636,11,100770,1,179.6000,3.051225
Transportation,Indonesia,2020,2,860,0.090000,1,9600.00,29312,1,1760,8,860.0000,11.162791
Travel,India,2020,2,840,0.150000,3,1104.00,27966,2,25864,2,280.0000,1.314286
Education,United States,2020,2,826,0.238000,5,524.00,1370,18,100770,1,165.2000,0.634383
Finance,Hong Kong,2020,2,800,0.200000,1,350.00,17248,3,1400,9,800.0000,0.437500
Finance,Nigeria,2020,2,782,0.400000,3,342.00,17248,3,782,12,260.6667,0.437340
Food,United Kingdom,2020,2,734,0.150000,1,3000.00,12436,5,3716,6,734.0000,4.087193
Transportation,Singapore,2020,2,720,0.050000,1,19800.00,29312,1,4722,5,720.0000,27.500000
Real Estate,India,2020,2,700,0.100000,2,39600.00,7398,7,25864,2,350.0000,56.571429
Other,United States,2020,2,680,0.122500,8,4062.00,932,20,100770,1,85.0000,5.973529
Food,Canada,2020,2,654,0.385000,2,672.00,12436,5,2422,7,327.0000,1.027523
Travel,Hong Kong,2020,2,600,0.150000,1,1042.00,27966,2,1400,9,600.0000,1.736667
Consumer,India,2020,2,540,0.180000,1,448.00,12126,6,25864,2,540.0000,0.829630
Food,Indonesia,2020,2,500,1.000000,1,0.00,12436,5,1760,8,500.0000,0.000000
Transportation,Netherlands,2020,2,450,0.250000,1,49400.00,29312,1,9200,3,450.0000,109.777778
Travel,United Kingdom,2020,2,438,0.155000,2,4976.00,27966,2,3716,6,219.0000,11.360731
Logistics,India,2020,2,400,0.000000,1,586.00,2636,11,25864,2,400.0000,1.465000
Real Estate,United Kingdom,2020,2,400,0.000000,1,39000.00,7398,7,3716,6,400.0000,97.500000
Transportation,Germany,2020,2,400,0.000000,2,7310.00,29312,1,1062,11,200.0000,18.275000
Travel,Myanmar,2020,2,400,0.330000,1,0.00,27966,2,400,14,400.0000,0.000000
Legal,United States,2020,2,390,0.075000,2,820.00,540,24,100770,1,195.0000,2.102564
Finance,United Kingdom,2020,2,360,0.036667,3,2566.00,17248,3,3716,6,120.0000,7.127778
Marketing,India,2020,2,322,0.225000,2,596.00,5916,9,25864,2,161.0000,1.850932
Sales,United States,2020,2,310,0.000000,2,354.00,2608,12,100770,1,155.0000,1.141935
Infrastructure,United States,2020,2,294,0.172500,8,4659.00,754,21,100770,1,36.7500,15.846939
Education,Brazil,2020,2,288,0.675000,2,78.00,1370,18,6682,4,144.0000,0.270833
Real Estate,Brazil,2020,2,270,0.090000,2,1196.00,7398,7,6682,4,135.0000,4.429630
Security,United States,2020,2,246,0.128333,6,966.00,576,23,100770,1,41.0000,3.926829
Infrastructure,Bulgaria,2020,2,240,0.100000,1,0.00,754,21,240,17,240.0000,0.000000
Retail,Israel,2020,2,240,0.100000,1,772.00,16004,4,448,13,240.0000,3.216667
Aerospace,United States,2020,2,220,0.083333,3,352.00,1122,19,100770,1,73.3333,1.600000
Support,United States,2020,2,206,0.104000,5,1268.00,648,22,100770,1,41.2000,6.155340
Finance,Indonesia,2020,2,200,0.000000,1,320.00,17248,3,1760,8,200.0000,1.600000
Fitness,Germany,2020,2,200,0.250000,1,218.00,6284,8,1062,11,200.0000,1.090000
Marketing,Brazil,2020,2,200,0.200000,1,1.40,5916,9,6682,4,200.0000,0.007000
Transportation,Sweden,2020,2,200,0.000000,1,334.00,29312,1,200,19,200.0000,1.670000
Travel,Indonesia,2020,2,200,0.600000,2,0.00,27966,2,1760,8,100.0000,0.000000
HR,Australia,2020,2,192,0.190000,2,526.00,1564,17,252,15,96.0000,2.739583
Media,United Kingdom,2020,2,190,0.320000,1,204.00,2300,14,3716,6,190.0000,1.073684
Crypto,United States,2020,2,182,0.315000,4,196.00,182,27,100770,1,45.5000,1.076923
Finance,Mexico,2020,2,180,0.300000,1,76.00,17248,3,180,20,180.0000,0.422222
Finance,Canada,2020,2,174,0.142500,4,632.00,17248,3,2422,7,43.5000,3.632184
Support,Portugal,2020,2,160,0.350000,1,182.00,648,22,230,18,160.0000,1.137500
Finance,Singapore,2020,2,130,0.180000,1,84.00,17248,3,4722,5,130.0000,0.646154
Product,United States,2020,2,126,0.500000,3,124.00,398,25,100770,1,42.0000,0.984127
Security,Estonia,2020,2,126,0.210000,1,14.00,576,23,248,16,126.0000,0.111111
Finance,Switzerland,2020,2,124,0.500000,1,156.00,17248,3,124,21,124.0000,1.258065
Other,Canada,2020,2,124,0.150000,1,514.00,932,20,2422,7,124.0000,4.145161
Support,Canada,2020,2,124,0.115000,2,199.20,648,22,2422,7,62.0000,1.606452
Media,Germany,2020,2,102,0.250000,1,17.00,2300,14,1062,11,102.0000,0.166667
Sales,Brazil,2020,2,102,0.400000,1,4.00,2608,12,6682,4,102.0000,0.039216
Consumer,Malaysia,2020,2,100,0.120000,1,696.00,12126,6,100,22,100.0000,6.960000
Retail,Canada,2020,2,100,0.075000,2,158.00,16004,4,2422,7,50.0000,1.580000
Retail,Singapore,2020,2,88,0.050000,1,614.00,16004,4,4722,5,88.0000,6.977273
Education,Denmark,2020,2,80,0.000000,1,68.00,1370,18,80,23,80.0000,0.850000
Product,Canada,2020,2,72,0.105000,2,0.00,398,25,2422,7,36.0000,0.000000
Finance,Portugal,2020,2,70,0.000000,1,160.00,17248,3,230,18,70.0000,2.285714
Support,Brazil,2020,2,66,0.250000,1,2.00,648,22,6682,4,66.0000,0.030303
Sales,Estonia,2020,2,62,0.000000,1,180.00,2608,12,248,16,62.0000,2.903226
Education,Canada,2020,2,60,0.050000,2,208.00,1370,18,2422,7,30.0000,3.466667
Security,Israel,2020,2,48,0.045000,2,384.00,576,23,448,13,24.0000,8.000000
Transportation,Canada,2020,2,46,0.320000,1,42.00,29312,1,2422,7,46.0000,0.913043
Other,Ireland,2020,2,42,0.000000,1,0.00,932,20,42,24,42.0000,0.000000
Healthcare,Canada,2020,2,36,0.125000,2,200.00,2250,15,2422,7,18.0000,5.555556
Recruiting,Brazil,2020,2,36,0.160000,1,46.00,4764,10,6682,4,36.0000,1.277778
Travel,Germany,2020,2,30,0.125000,2,170.00,27966,2,1062,11,15.0000,5.666667
Consumer,Brazil,2020,2,22,0.100000,1,32.00,12126,6,6682,4,22.0000,1.454545
Sales,Canada,2020,2,22,0.080000,1,22.00,2608,12,2422,7,22.0000,1.000000
HR,Brazil,2020,2,20,0.000000,1,10.00,1564,17,6682,4,20.0000,0.500000
Logistics,Israel,2020,2,20,0.100000,1,168.00,2636,11,448,13,20.0000,8.400000
Product,United Kingdom,2020,2,20,1.000000,1,0.00,398,25,3716,6,20.0000,0.000000
Marketing,United Kingdom,2020,2,16,0.040000,1,64.00,5916,9,3716,6,16.0000,4.000000
Construction,Australia,2020,2,0,0.100000,1,30.00,1792,16,252,15,0.0000,
Consumer,Indonesia,2020,2,0,0.300000,1,14.00,12126,6,1760,8,0.0000,
Crypto,Canada,2020,2,0,0.000000,1,50.00,182,27,2422,7,0.0000,
Crypto,United Kingdom,2020,2,0,0.300000,1,80.00,182,27,3716,6,0.0000,
Energy,United States,2020,2,0,0.000000,1,3600.00,334,26,100770,1,0.0000,
Finance,South Africa,2020,2,0,0.000000,1,46.00,17248,3,0,26,0.0000,
Fitness,Vietnam,2020,2,0,1.000000,1,2.00,6284,8,0,27,0.0000,
Marketing,Canada,2020,2,0,0.000000,2,140.00,5916,9,2422,7,0.0000,
Retail,United Arab Emirates,2020,2,0,1.000000,1,0.00,16004,4,1072,10,0.0000,
Transportation,France,2020,2,0,0.000000,1,200.00,29312,1,0,28,0.0000,
Travel,Czech Republic,2020,2,0,0.000000,1,82.00,27966,2,0,30,0.0000,
Real Estate,United States,2020,1,2656,0.250833,12,10524.20,7398,7,100770,1,221.3333,3.962425
Travel,United States,2020,1,2146,0.283333,14,4750.20,27966,2,100770,1,153.2857,2.213514
Fitness,United States,2020,1,1602,0.505000,4,776.00,6284,8,100770,1,400.5000,0.484395
Transportation,United States,2020,1,1532,0.164286,7,3770.00,29312,1,100770,1,218.8571,2.460836
Retail,United States,2020,1,1282,0.150000,12,2076.00,16004,4,100770,1,106.8333,1.619345
Consumer,United States,2020,1,1180,0.293333,6,2086.00,12126,6,100770,1,196.6667,1.767797
Recruiting,United States,2020,1,1098,0.352000,5,668.00,4764,10,100770,1,219.6000,0.608379
Travel,India,2020,1,1060,0.233333,3,190.00,27966,2,25864,2,353.3333,0.179245
Logistics,United States,2020,1,1038,0.162500,4,616.00,2636,11,100770,1,259.5000,0.593449
Aerospace,United Kingdom,2020,1,902,0.850000,1,6000.00,1122,19,3716,6,902.0000,6.651885
Marketing,United States,2020,1,736,0.232000,10,622.00,5916,9,100770,1,73.6000,0.845109
Food,United States,2020,1,682,0.274000,5,484.00,12436,5,100770,1,136.4000,0.709677
Consumer,Singapore,2020,1,500,1.000000,1,190.00,12126,6,4722,5,500.0000,0.380000
Data,United States,2020,1,460,0.133333,3,918.00,2536,13,100770,1,153.3333,1.995652
Media,United States,2020,1,308,0.117500,4,256.00,2300,14,100770,1,77.0000,0.831169
Finance,Canada,2020,1,250,0.200000,2,500.00,17248,3,2422,7,125.0000,2.000000
Energy,United States,2020,1,240,0.250000,1,846.00,334,26,100770,1,240.0000,3.525000
Transportation,India,2020,1,240,0.000000,1,428.00,29312,1,25864,2,240.0000,1.783333
Product,Canada,2020,1,156,0.300000,1,0.00,398,25,2422,7,156.0000,0.000000
Legal,United States,2020,1,150,0.000000,1,266.00,540,24,100770,1,150.0000,1.773333
HR,Israel,2020,1,140,0.300000,1,90.00,1564,17,448,13,140.0000,0.642857
Finance,United States,2020,1,128,0.183333,3,408.00,17248,3,100770,1,42.6667,3.187500
Construction,United States,2020,1,120,0.000000,1,24.00,1792,16,100770,1,120.0000,0.200000
Education,United States,2020,1,100,0.375000,2,48.00,1370,18,100770,1,50.0000,0.480000
Infrastructure,United States,2020,1,100,0.033333,3,1104.00,754,21,100770,1,33.3333,11.040000
Energy,Canada,2020,1,94,0.100000,1,298.00,334,26,2422,7,94.0000,3.170213
Real Estate,Brazil,2020,1,94,0.000000,1,526.00,7398,7,6682,4,94.0000,5.595745
Other,United States,2020,1,86,0.500000,2,230.00,932,20,100770,1,43.0000,2.674419
Infrastructure,Canada,2020,1,60,0.500000,1,14.00,754,21,2422,7,60.0000,0.233333
Transportation,Estonia,2020,1,60,0.000000,1,164.00,29312,1,248,16,60.0000,2.733333
Support,United States,2020,1,32,1.000000,1,12.00,648,22,100770,1,32.0000,0.375000
Product,United States,2020,1,24,0.050000,1,466.00,398,25,100770,1,24.0000,19.416667
Finance,Brazil,2020,1,0,0.000000,1,0.00,17248,3,6682,4,0.0000,
HR,United States,2020,1,0,0.375000,2,110.00,1564,17,100770,1,0.0000,
Retail,Canada,2020,1,0,0.250000,1,0.00,16004,4,2422,7,0.0000,
Security,Israel,2020,1,0,0.000000,1,148.00,576,23,448,13,0.0000,
